{
  "Workflows": [
    {
      "Path": null,
      "SortBy": 0,
      "VariablesSectionElementsOrder": [],
      "ArgumentsSectionElementsOrder": null,
      "ConstantsSectionElementsOrder": [],
      "AddedNamespaces": null
    },
    {
      "Path": "发货单提取.xaml",
      "SortBy": 0,
      "VariablesSectionElementsOrder": [
        "delivery1&Sequence_2",
        "delivery&Sequence_2",
        "Red&Sequence_2",
        "Green&Sequence_2",
        "Blue&Sequence_2",
        "DT_发货&Sequence_1"
      ],
      "ArgumentsSectionElementsOrder": [],
      "ConstantsSectionElementsOrder": [],
      "AddedNamespaces": null
    }
  ]
}